,count,mean,std,min,25%,50%,75%,max
sat_id,519930.0,308.71810051353066,171.4276266677889,0.0,166.0,312.0,461.0,599.0
x_sim,519930.0,-941.3310060752609,25387.03725341132,-255037.95296605435,-13139.771199145678,-612.8778032805354,11194.372298705093,200961.15799955113
y_sim,519930.0,319.85316309292915,25603.2455788507,-281784.4300397141,-11758.892199798414,501.6099127555598,12558.620911477094,209619.55385747683
z_sim,519930.0,-77.07547127137407,20670.83334706934,-180250.92228721594,-7963.461283820414,57.093264336765984,8253.028192783146,198526.09155196915
Vx_sim,519930.0,-0.001115064842359994,2.636435788484026,-8.24069371271577,-1.8962410463415977,0.019025525687576587,1.954860933407927,7.431843707789283
Vy_sim,519930.0,-0.002131946227796262,2.5996433222461124,-8.348831365104981,-1.8780772740769138,-0.018242782597236183,1.857398839323769,8.021437661030648
Vz_sim,519930.0,-0.00017004401124336984,2.1141039479358414,-7.671565175268676,-1.2470462326812173,0.011687760198098912,1.235496542574461,8.644164975103234
